{
  "project_info": {
    "project_number": "155109007473",
    "firebase_url": "https://customertest-62fc3-default-rtdb.firebaseio.com",
    "project_id": "customertest-62fc3",
    "storage_bucket": "customertest-62fc3.appspot.com"
  },
  "client": [
    {
      "client_info": {
        "mobilesdk_app_id": "1:155109007473:android:5b0fb230f7e648f1c6fbd0",
        "android_client_info": {
          "package_name": "com.example.customertest"
        }
      },
      "oauth_client": [
        {
          "client_id": "155109007473-5h1o134d9h0hdau0j0ijlq848qt9rn7v.apps.googleusercontent.com",
          "client_type": 3
        }
      ],
      "api_key": [
        {
          "current_key": "AIzaSyCvY-FvHDJQmuvaCkxhJO8u8_ChKZH4oIE"
        }
      ],
      "services": {
        "appinvite_service": {
          "other_platform_oauth_client": [
            {
              "client_id": "155109007473-5h1o134d9h0hdau0j0ijlq848qt9rn7v.apps.googleusercontent.com",
              "client_type": 3
            }
          ]
        }
      }
    }
  ],
  "configuration_version": "1"
}